NPC_ID,이름,종족,크기,레벨,HP,MP,AC,MR,경험치,성향,특징,출현장소,드랍아이템
45005,개구리,-,소형,1,1,0,10,0,2,0,,본토,고기
45006,말미잘,-,소형,1,20,0,3,0,2,0,,에바의 왕국,고기
45008,고블린,고블린,소형,2,3,10,10,2,5,-3,"동족 인식, 테이밍 가능, 약점: 불","본토, 말하는 섬","넓은 검, 몽둥이, 투구, 짧은 부츠, 빨간 물약, 아데나"
45015,오리,-,소형,2,10,0,10,0,5,25,,본토,
45009,오크,오크,소형,2,6,4,10,0,5,-2,"동족 인식, 테이밍 가능, 약점: 물","본토, 말하는 섬, 말하는 섬 던전 1층, 글루디오 던전 1층, 사막 던전 1층","오크족 단검, 오크족 검, 오크족 창, 오크족 투구, 오크족 고리 갑옷, 아데나, 동물가죽"
145009,오크 (요정 지역),오크,소형,2,6,4,10,0,5,-2,"동족 인식, 테이밍 가능, 약점: 물","본토, 요정의 숲 던전 1층","오크족 단검, 오크족 검, 오크족 창, 오크족 투구, 오크족 고리 갑옷, 소나무 막대, 단풍나무 막대, 사파이어, 변신 주문서, 정령옥, 미스릴 원석, 화살, (저주) 오크족 단검, (저주) 오크족 투구, (저주) 오크족 고리 갑옷"
45010,토끼,-,소형,2,7,0,10,0,5,0,,본토,"고기, 동물가죽"
45021,사슴,-,소형,3,25,0,9,0,10,0,,본토,고기
45019,오크 궁수,오크,소형,3,12,4,10,2,10,-3,"동족 인식, 테이밍 가능, 약점: 물","본토, 말하는 섬, 글루디오 던전 1층","오크족 활, 오크족 투구, 오크족 망토, 오크족 고리 갑옷, 오크족 사슬 갑옷, 아데나, 동물가죽, 화살, 은 화살"
145019,오크 궁수 (요정 지역),오크,소형,3,12,4,10,2,10,-3,"동족 인식, 테이밍 가능, 약점: 물","본토, 요정의 숲 던전 1층","오크족 활, 오크족 투구, 오크족 망토, 오크족 고리 갑옷, 오크족 사슬 갑옷, 빨간 물약, 비취 물약, 변신 주문서, 정령옥, 화살, 은 화살, (저주) 오크족 활, (저주) 오크족 고리 갑옷, (저주) 오크족 사슬 갑옷"
45016,코볼트,코볼트,소형,3,7,15,10,2,10,-3,"동족 인식, 테이밍 가능, 약점: 불","본토, 말하는 섬","몽둥이, 짧은 부츠, 불투명 물약, 아데나, 동물가죽"
45025,그렘린,-,소형,4,50,20,10,1,17,-3,"테이밍 가능, 약점: 불",본토,"다이아몬드, 루비, 사파이어, 에메랄드"
45027,아이들론,-,소형,4,20,5,10,1,17,-3,"테이밍 가능, 약점: 불",본토,"아데나, 동물가죽"
45029,펑거스,펑거스,소형,4,20,10,5,0,17,-5,"독 공격, 테이밍 가능, 약점: 불","본토, 요정의 숲 던전 2층, 요정의 숲 던전 3층",버섯포자의 즙
45040,곰,곰,소형,5,50,0,28,0,26,0,"동족 인식, 테이밍 가능, 약점: 불",본토,"마법의 투구: 치유, 초록 물약, 용기의 물약, 아데나, (축) 순간이동 주문서"
45041,난쟁이,난쟁이,소형,5,30,5,10,2,26,0,"동족 인식, 테이밍 가능, 약점: 불","본토, 말하는 섬","난쟁이족 검, 난쟁이족 철 투구, 난쟁이족 망토, 난쟁이족 둥근 방패, 변신 주문서, 아데나, 철괴, 미스릴"
145041,난쟁이 (요정 지역),난쟁이,소형,5,30,5,10,2,26,0,"동족 인식, 테이밍 가능, 약점: 불",본토,"빨간 물약, 불투명 물약, 마력의 돌, 정령옥, 철괴, 미스릴 원석, 은 화살"
45043,늑대,늑대,소형,5,30,5,18,1,37,0,"동족 인식, 테이밍 가능, 약점: 땅","본토, 말하는 섬","고기, 아데나, 동물가죽"
145043,늑대 (요정 지역),늑대,소형,5,30,5,18,1,37,0,"동족 인식, 테이밍 가능, 약점: 땅",본토,"정령옥, 화살"
45042,도베르만,개,소형,5,20,5,25,1,37,0,"동족 인식, 테이밍 가능, 약점: 물","본토, 말하는 섬","고기, 아데나, 동물가죽"
45032,브롭,-,소형,5,20,10,7,0,26,-5,"테이밍 가능, 약점: 바람","요정의 숲 던전 2층, 요정의 숲 던전 3층, 사막 던전 2층",
45046,비글,개,소형,5,20,30,25,15,26,0,"동족 인식, 테이밍 가능","본토, 말하는 섬","고기, 동물가죽"
45047,세인트 버나드,개,소형,5,30,30,23,15,26,0,"동족 인식, 테이밍 가능",본토,"고기, 동물가죽"
45034,세퍼드,개,소형,5,30,5,9,1,26,0,"동족 인식, 테이밍 가능","본토, 말하는 섬","고기, 아데나, 동물가죽"
45048,여우,동물,소형,5,15,30,25,15,26,0,"동족 인식, 테이밍 가능, 약점: 불",본토,"고기, 동물가죽"
45033,임프,임프,소형,5,20,40,6,1,26,-3,"동족 인식, 테이밍 가능, 약점: 땅",본토,"아데나, 동물가죽"
45054,콜리,개,소형,5,40,5,25,1,26,0,"동족 인식, 테이밍 가능",,"고기, 동물가죽"
45053,허스키,개,소형,5,50,5,20,0,37,0,"동족 인식, 테이밍 가능",본토,"고기, 동물가죽"
45313,호랑이,호랑이,대형,5,40,5,10,0,26,0,"동족 인식, 테이밍 가능",,"고기, 동물가죽"
45023,멧돼지,동물,소형,6,20,5,7,1,37,0,"동족 인식, 테이밍 가능, 약점: 불",본토,"고기, 아데나, 동물가죽"
45060,슬라임,-,소형,6,60,10,-10,10,37,-6,"테이밍 가능, 약점: 바람","본토, 말하는 섬",
45064,임프 장로,임프,소형,6,100,50,10,30,37,-10,"테이밍 가능, 약점: 땅",본토,"파란 물약, 에메랄드, 마법서 (어스 재일), 아데나, 마력의 돌, 동물가죽, 고급피혁"
45065,좀비,좀비,소형,6,45,12,8,5,37,-8,"동족 인식, 언데드, 테이밍 가능, 약점: 불","본토, 말하는 섬, 말하는 섬 던전 1층, 말하는 섬 던전 2층, 글루디오 던전 1층, 글루디오 던전 2층, 글루디오 던전 3층, 글루디오 던전 4층, 사막 던전 1층, 사막 던전 2층","부활 주문서, 마법서 (뱀파이어릭 터치), 마법서 (다크니스), 아데나, (축) 순간이동 주문서"
145065,좀비 (요정 지역),좀비,소형,6,45,12,8,5,37,-8,"동족 인식, 언데드, 테이밍 가능, 약점: 불","본토, 요정의 숲 던전 1층","부활 주문서, 순간이동 주문서, 마법서 (뱀파이어릭 터치), 정령의 수정 (블러드 투 소울), 정령옥, 미스릴 원석, 화살"
45068,괴물 눈,-,소형,7,40,30,5,20,50,-8,"테이밍 가능, 마비 공격","본토, 말하는 섬, 말하는 섬 던전 1층, 말하는 섬 던전 2층, 글루디오 던전 6층, 사막 던전 1층","괴물 눈 고기, 마력의 돌"
45077,가오리,-,소형,8,40,5,8,2,65,-4,,에바의 왕국,"고기, 아데나"
45079,놀,놀,소형,8,60,5,4,1,65,-6,"동족 인식, 테이밍 가능, 약점: 땅",본토,"랜턴, 다이아몬드, 루비, 사파이어, 에메랄드, 아데나, 마력의 돌"
45089,실라칸스,-,소형,8,35,10,2,10,65,-10,약점: 바람,에바의 왕국,아데나
45082,오크 전사,오크,소형,8,50,8,5,5,65,-8,"동족 인식, 테이밍 가능, 약점: 물","본토, 말하는 섬, 말하는 섬 던전 1층, 글루디오 던전 1층, 사막 던전 1층","오크족 투구, 오크족 망토, 사슬 갑옷, 오크족 고리 갑옷, 오크족 사슬 갑옷, 우럭하이 방패, 등잔, 아데나, (저주) 오크족 사슬 갑옷, (저주) 우럭하이 방패"
145082,오크 전사 (요정 지역),오크,소형,8,50,8,5,5,65,-8,"동족 인식, 테이밍 가능, 약점: 물","본토, 요정의 숲 던전 1층, 요정의 숲 던전 2층","오크족 투구, 오크족 망토, 사슬 갑옷, 오크족 고리 갑옷, 오크족 사슬 갑옷, 우럭하이 방패, 등잔, 빨간 물약, 정령옥, 화살, (저주) 우럭하이 방패"
45083,크로울링 크로,-,소형,8,30,15,0,5,65,-10,"테이밍 가능, 약점: 땅","글루디오 던전 6층, 글루디오 던전 7층","장갑, 파워 글로브, 아데나, 마력의 돌"
45088,페이퍼 맨,-,소형,8,40,5,-10,5,65,-8,"테이밍 가능, 약점: 불",,"귀환 주문서, 변신 주문서, 빈 주문서 (레벨 1), 빈 주문서 (레벨 2), 빈 주문서 (레벨 3), 순간이동 주문서, 확인 주문서, 아데나"
45092,난쟁이족 전사,난쟁이,소형,9,70,5,5,1,82,-9,"동족 인식, 테이밍 가능, 약점: 불",본토,"난쟁이족 검, 난쟁이족 도끼, 난쟁이족 철 투구, 난쟁이족 망토, 난쟁이족 둥근 방패, 초록 물약, 강화 초록 물약, 아데나, 철괴"
45024,늑대인간,늑대,소형,9,50,20,4,10,82,-9,"동족 인식, 테이밍 가능, 약점: 땅","본토, 말하는 섬, 말하는 섬 던전 1층, 말하는 섬 던전 2층, 사막 던전 1층","장검, 몽둥이, 도리깨, 철퇴, 징박힌 가죽 갑옷, 짧은 부츠, 작은 방패, 마법서 (인챈트 덱스터리티), 마법서 (뱀파이어릭 터치), 아데나, (저주) 비늘 갑옷, (저주) 사슬 갑옷, (저주) 징박힌 가죽 갑옷, (저주) 짧은 부츠"
145024,늑대인간 (요정 지역),늑대,소형,9,50,20,4,10,82,-9,"동족 인식, 테이밍 가능, 약점: 땅","본토, 요정의 숲 던전 2층","장검, 몽둥이, 도리깨, 철퇴, 비늘 갑옷, 사슬 갑옷, 징박힌 가죽 갑옷, 짧은 부츠, 불투명 물약, 마법서 (인챈트 덱스터리티), 마법서 (뱀파이어릭 터치), 정령옥, 화살, (저주) 징박힌 가죽 갑옷, (저주) 짧은 부츠"
45097,해파리,해파리,소형,9,50,5,2,5,82,-8,"독 공격, 동족 인식, 약점: 바람",에바의 왕국,아데나
45098,간디 오크,오크,소형,10,80,25,0,15,101,-2,"동족 인식, 테이밍 가능, 약점: 물",본토,"양초, 빨간 물약, 간디의 토템, 아데나, 마력의 돌, 간디 오크 마법서"
145098,간디 오크 (요정 지역),오크,소형,10,80,25,0,15,101,-2,"동족 인식, 테이밍 가능, 약점: 물",요정의 숲 던전 2층,"양초, 빨간 물약, 마력의 돌, 정령옥, 화살"
45101,악어,악어,소형,10,90,20,1,60,101,-15,"테이밍 가능, 약점: 바람","본토, 수중 던전 1층, 수중 던전 2층, 수중 던전 3층","마법의 투구: 치유, 용기의 물약, 에메랄드, 마법서 (콜 라이트닝), 아데나"
45109,오크 좀비,좀비,소형,10,100,25,0,1,101,-10,"독 공격, 언데드, 테이밍 가능, 약점: 불","기란 던전 1층, 기란 던전 2층, 기란 던전 3층","악운의 단검, 오크족 투구, 오크족 고리 갑옷, 오크족 사슬 갑옷, 우럭하이 방패, 부활 주문서, 순간이동 주문서, 아데나"
45107,해골,스켈레톤,소형,10,80,30,3,10,101,-12,"언데드, 테이밍 가능, 약점: 불","본토, 말하는 섬, 말하는 섬 던전 1층, 말하는 섬 던전 2층, 글루디오 던전 1층, 글루디오 던전 2층, 글루디오 던전 3층, 글루디오 던전 4층, 글루디오 던전 5층, 사막 던전 1층, 사막 던전 3층","언월도, 투구, 마법 망토, 큰 방패, 초록 물약, 강화 초록 물약, 마법서 (인챈트 덱스터리티), 아데나, 마력의 돌, 뼈조각, 언데드의 열쇠, 해골의 두개골, (저주) 언월도, (저주) 투구, (저주) 마법 망토"
145107,해골 (말던 2층),스켈레톤,소형,10,80,30,3,10,101,-12,"언데드, 테이밍 가능, 약점: 불",말하는 섬 던전 2층,"창, 투구, 큰 방패, 소나무 막대, 초록 물약, 강화 초록 물약, 아데나, 은회색 열쇠, 마력의 돌, (축) 언월도, (축) 마법 망토, (축) 순간이동 주문서"
45115,거대 개미,개미,소형,12,90,20,-4,60,145,-15,"테이밍 가능, 약점: 불","본토, 개미 던전, 여왕개미 던전","마법의 투구: 치유, 초록 물약, 용기의 물약, 강화 초록 물약, 에메랄드, 아데나, (축) 순간이동 주문서"
45116,바쿡,바퀴벌레,소형,12,100,0,-1,0,166,-12,"독 공격, 동족 인식, 테이밍 가능, 약점: 불","수중 던전 1층, 수중 던전 2층","마법 방어 투구, 초록 물약, 강화 초록 물약, 고급 루비, 아데나"
45121,오크 마법사,오크,소형,12,80,50,0,30,145,-15,"동족 인식, 테이밍 가능, 약점: 물",본토,"참나무 지팡이, 마법사의 지팡이, 힘의 지팡이, 파란 물약, 마법서 (그레이터 힐), 마법서 (선 버스트), 아데나, 마력의 돌"
45122,해골궁수,스켈레톤,소형,12,80,25,0,10,145,-12,"동족 인식, 언데드, 테이밍 가능, 약점: 불","본토, 말하는 섬 던전 1층, 말하는 섬 던전 2층, 글루디오 던전 1층, 글루디오 던전 2층, 글루디오 던전 3층, 글루디오 던전 4층, 글루디오 던전 5층, 글루디오 던전 6층, 글루디오 던전 7층, 사막 던전 1층, 사막 던전 3층","활, 투구, 마법 망토, 초록 물약, 강화 초록 물약, 마법서 (인챈트 덱스터리티), 아데나, 마력의 돌, 뼈조각"
45126,돌 골렘,골렘,대형,13,150,50,-1,5,170,-12,"테이밍 가능, 약점: 불, 무기 손상","본토, 말하는 섬","도끼, 아탐, 몽둥이, 도리깨, 흑단 막대, 파란 물약, 최고급 루비, 마법서 (어스 재일), 아데나, 마력의 돌, 미스릴 원석, 생명의 비밀"
245126,돌 골렘 (던전),골렘,대형,13,150,50,-1,5,170,-12,"테이밍 가능, 약점: 불, 무기 손상","말하는 섬 던전 1층, 말하는 섬 던전 2층, 글루디오 던전 3층, 사막 던전 1층","도끼, 몽둥이, 도리깨, 흑단 막대, 파란 물약, 최고급 루비, 마법서 (어스 재일), 아데나, 마력의 돌, 미스릴 원석"
145126,돌 골렘 (요정 지역),골렘,대형,13,150,50,-1,5,170,-12,"테이밍 가능, 약점: 불, 무기 손상",본토,"도끼, 아탐, 몽둥이, 도리깨, 철퇴, 흑단 막대, 파란 물약, 고급 다이아몬드, 마력의 돌, 정령옥, 미스릴 원석, 화살"
45127,로바 오크,오크,소형,13,80,20,-2,5,170,-12,"동족 인식, 테이밍 가능, 약점: 물",본토,"마법 방어 사슬 갑옷, 랜턴, 랜턴용 기름, 초록 물약, 강화 초록 물약, 루비, 로바의 토템, 아데나"
145127,로바 오크 (요정 지역),오크,소형,13,80,20,-2,5,170,-12,"동족 인식, 테이밍 가능, 약점: 물","본토, 요정의 숲 던전 2층","마법 방어 사슬 갑옷, 랜턴, 랜턴용 기름, 빨간 물약, 초록 물약, 에메랄드, 정령옥"
45130,해골도끼병,스켈레톤,소형,13,90,20,0,10,170,-13,"동족 인식, 언데드, 테이밍 가능, 약점: 불","말하는 섬 던전 2층, 글루디오 던전 5층, 사막 던전 3층","도끼, 투구, 마법 망토, 소나무 막대, 초록 물약, 강화 초록 물약, 아데나, 마력의 돌, 뼈조각"
45131,해골창병,스켈레톤,소형,13,90,15,8,10,170,-13,"동족 인식, 언데드, 테이밍 가능, 약점: 불","말하는 섬 던전 2층, 글루디오 던전 2층, 글루디오 던전 5층, 사막 던전 3층","창, 투구, 마법 망토, 초록 물약, 강화 초록 물약, 마법서 (인챈트 덱스터리티), 아데나, 마력의 돌, 뼈조각"
45133,눈사람,눈사람,소형,14,80,0,-10,0,197,-10,"동족 인식, 테이밍 가능, 약점: 바람",본토,"설인 장갑, 변신 주문서, 정령의 수정 (리턴 투 네이처), 아데나, 정령옥, (축) 순간이동 주문서"
45136,셸로브,거미,대형,14,100,15,0,12,197,-17,"테이밍 가능, 약점: 불","본토, 말하는 섬, 말하는 섬 던전 2층, 글루디오 던전 2층, 글루디오 던전 4층, 사막 던전 1층","소나무 막대, 흑단 막대, 초록 물약, 강화 초록 물약, 마법서 (슬로우), 마법서 (이럽션), 아데나, 셸로브 발톱, (축) 순간이동 주문서"
45138,오크 스카우트,오크,소형,14,90,15,-3,5,197,-12,"동족 인식, 테이밍 가능, 약점: 물",본토,"랜턴, 아데나"
45140,홉고블린,고블린,소형,14,90,30,1,1,197,-7,"동족 인식, 테이밍 가능, 약점: 불",본토,"넓은 검, 투구, 등잔, 초록 물약, 강화 초록 물약, 아데나, 철괴"
45143,두다-마라 오크,오크,소형,15,100,50,-5,20,226,-8,"동족 인식, 테이밍 가능, 약점: 물",본토,"마법 방어 투구, 우럭하이 방패, 오크 투사의 목걸이, 랜턴, 초록 물약, 지혜의 물약, 강화 초록 물약, 고급 루비, 두다-마라의 토템, 아데나, 마력의 돌, 두다 마라 오크 마법서"
145143,두다-마라 오크 (요정 지역),오크,소형,15,100,50,-5,20,226,-8,"동족 인식, 테이밍 가능, 약점: 물","본토, 요정의 숲 던전 2층","마법 방어 투구, 우럭하이 방패, 랜턴, 초록 물약, 강화 초록 물약, 고급 루비, 마력의 돌, 정령옥, 화살"
45144,리자드맨,리자드맨,소형,15,90,10,-2,5,226,-14,"테이밍 가능, 약점: 바람","본토, 수중 던전 1층","은검, 마법 방어 투구, 큰 방패, 초록 물약, 강화 초록 물약, 사파이어, 순간이동 주문서, 아데나"
45141,미믹,-,소형,15,120,20,-2,20,226,-20,"테이밍 가능, 약점: 불, 무기 손상",,"은검, 마법 방어 투구, 초록 물약, 용기의 물약, 지혜의 물약, 강화 초록 물약, 빈 주문서 (레벨 1), 빈 주문서 (레벨 2), 마법서 (인챈트 덱스터리티), 마법서 (인챈트 마이티), 아데나, 정령옥"
45147,아울베어,곰,대형,15,250,10,-6,10,226,-15,"동족 인식, 테이밍 가능, 약점: 불","본토, 기란 던전 1층, 기란 던전 2층, 기란 던전 3층, 기란 던전 4층","용기의 물약, 달걀, 당근, 레몬, 바나나, 사과, 오렌지, 아데나, 고급피혁"
45149,아투바 오크,오크,소형,15,120,15,-5,10,226,-8,"동족 인식, 테이밍 가능, 약점: 물",본토,"다마스커스 검, 마법 방어 투구, 오크족 사슬 갑옷, 청동 판금 갑옷, 우럭하이 방패, 오크 투사의 목걸이, 랜턴, 용기의 물약, 루비, 아투바의 토템, 아데나, 아투바 오크 마법서"
145149,아투바 오크 (요정 지역),오크,소형,15,120,15,-5,10,226,-8,"동족 인식, 테이밍 가능, 약점: 물","본토, 요정의 숲 던전 3층","다마스커스 검, 마법 방어 투구, 오크족 사슬 갑옷, 판금 갑옷, 우럭하이 방패, 랜턴, 초록 물약, 강화 초록 물약, 정령옥, 화살"
45154,인어,인어,소형,15,60,20,-10,5,226,12,약점: 바람,에바의 왕국,"인어의 비늘, 아데나"
45155,혈거인간,-,소형,15,60,30,-4,10,226,-10,"테이밍 가능, 약점: 바람","본토, 수중 던전 1층","전투 도끼, 대형 도끼, 미늘 갑옷, 아데나, (축) 순간이동 주문서"
45157,구울,구울,소형,16,110,30,-4,13,257,-19,"독 공격, 언데드, 테이밍 가능, 약점: 불","본토, 글루디오 던전 1층, 글루디오 던전 2층, 글루디오 던전 3층, 글루디오 던전 4층, 글루디오 던전 5층, 글루디오 던전 6층, 글루디오 던전 7층, 요정의 숲 던전 3층, 사막 던전 2층, 사막 던전 3층, 기란 던전 1층, 기란 던전 2층","무기 마법 주문서, 부활 주문서, 마법서 (버서커스), 아데나, 구울의 손톱, 구울의 이빨, (축) 순간이동 주문서"
45159,머맨,인어,소형,16,85,20,-2,5,257,5,"동족 인식, 약점: 바람",에바의 왕국,아데나
45160,상어,상어,대형,16,230,0,-9,5,334,-20,"동족 인식, 약점: 바람",에바의 왕국,"낡은 영혼의 벨트, 단풍나무 막대, 초록 물약, 강화 초록 물약, 사파이어, 고급 사파이어, 최고급 사파이어, 아데나"
45161,스파토이,스파토이,소형,16,120,30,-3,18,257,-18,"동족 인식, 언데드, 테이밍 가능, 약점: 불","본토, 말하는 섬 던전 2층, 글루디오 던전 1층, 글루디오 던전 2층, 글루디오 던전 3층, 글루디오 던전 4층, 글루디오 던전 5층, 글루디오 던전 6층, 글루디오 던전 7층, 사막 던전 2층, 사막 던전 3층, 용의 계곡 던전 1층, 기란 던전 1층","언월도, 투구, 청동 판금 갑옷, 큰 방패, 단풍나무 막대, 초록 물약, 강화 초록 물약, 아데나, 마력의 돌, (축) 언월도"
45162,실루엣,-,소형,16,110,15,-18,30,257,-14,"언데드, 테이밍 가능, 약점: 불",,"낡은 영혼의 벨트, 영혼의 벨트, 빨간 물약, 파란 물약, 마법서 (카운터 매직), 마법서 (다크니스), 아데나, (축) 빨간 물약, (축) 주홍 물약, (축) 맑은 물약"
45164,크랩맨,크랩,소형,16,200,0,-10,1,295,-20,약점: 바람,"수중 던전 2층, 수중 던전 3층, 에바의 왕국","갑옷 마법 주문서, 마법서 (웨폰 브레이크), 마법서 (인챈트 마이티), 아데나, (축) 순간이동 주문서"
45165,흑기사,흑기사,소형,16,100,10,-10,10,257,-15,"동족 인식, 테이밍 가능","본토, 말하는 섬","양손검, 삼지창, 파르티잔, 투구, 보호 망토, 티셔츠, 청동 판금 갑옷, 부츠, 짧은 부츠, 용기의 물약, 파란 물약, 다이아몬드, 루비, 사파이어, 에메랄드, 아데나, 낡은 거래 문서, 흑기사의 서약서, (축) 기병창, (축) 미늘창"
145165,흑기사 수색대,흑기사,소형,16,100,10,-10,10,257,-15,"동족 인식, 테이밍 가능",본토,"양손검, 삼지창, 파르티잔, 투구, 보호 망토, 티셔츠, 청동 판금 갑옷, 부츠, 짧은 부츠, 용기의 물약, 파란 물약, 다이아몬드, 루비, 사파이어, 에메랄드, 아데나, 수색문서, (축) 기병창, (축) 미늘창"
45171,네루가 오크,오크,소형,17,150,15,-8,7,290,-16,"동족 인식, 테이밍 가능, 약점: 물","본토, 요정의 숲 던전 3층","다마스커스 검, 오크족 사슬 갑옷, 우럭하이 방패, 오크 투사의 목걸이, 랜턴, 초록 물약, 강화 초록 물약, 루비, 네루가의 토템, 아데나, 네루가 오크 마법서, (저주) 그라디우스, (저주) 양손검"
145171,네루가 오크 (요정 지역),오크,소형,17,150,15,-8,7,290,-16,"동족 인식, 테이밍 가능, 약점: 물",본토,"다마스커스 검, 오크족 사슬 갑옷, 우럭하이 방패, 랜턴, 초록 물약, 강화 초록 물약, 루비, 정령옥, 화살, (저주) 그라디우스, (저주) 양손검"
45173,라이칸스로프,늑대,소형,17,120,60,-4,7,290,-18,"동족 인식, 테이밍 가능, 약점: 땅","본토, 기란 던전 2층","포챠드, 전투 도끼, 비늘 갑옷, 징박힌 가죽 갑옷, 부츠, 큰 방패, 다이아몬드, 마법서 (인챈트 덱스터리티), 마법서 (뱀파이어릭 터치), 마법서 (슬로우), 아데나, 정령옥"
45182,아이스 골렘,골렘,대형,18,220,0,-8,7,325,-14,"테이밍 가능, 무기 손상, 약점: 바람",,"철퇴, 은도끼, 수정 장갑, 파란 물약, 고급 다이아몬드, 마법서 (콘 오브 콜드), 마법서 (위크니스), 정령의 수정 (네이쳐스 터치), 아데나"
45185,오크 근위병,오크,소형,18,500,0,-3,15,325,-16,"동족 인식, 약점: 물",본토,"랜턴, 아데나"
45184,웅골리언트,거미,대형,18,200,30,-5,10,325,-23,"독 공격, 테이밍 가능, 약점: 불","본토, 글루디오 던전 2층, 글루디오 던전 3층, 글루디오 던전 4층, 글루디오 던전 5층, 글루디오 던전 6층, 글루디오 던전 7층, 용의 계곡 던전 1층","흑단 막대, 초록 물약, 비취 물약, 강화 초록 물약, 갑옷 마법 주문서, 무기 마법 주문서, 마법서 (슬로우), 마법서 (어스 재일), 마법서 (테이밍 몬스터), 아데나, (축) 순간이동 주문서"
45189,도펠겡어,도펠갱어,소형,19,280,30,-6,10,362,-25,"동족 인식, 약점: 불",본토,"파란 물약, 변신 주문서, 아데나"
45190,거대 병정 개미,개미,대형,20,150,100,-7,60,401,-20,"동족 인식, 테이밍 가능, 약점: 불","본토, 개미 던전, 여왕개미 던전","마법의 투구: 힘, 청동 판금 갑옷, 초록 물약, 용기의 물약, 강화 초록 물약, 루비, 에메랄드, 고급 루비, 고급 에메랄드, 최고급 루비, 최고급 에메랄드, (축) 순간이동 주문서"
45192,랫맨,랫맨,소형,20,150,10,-5,10,461,-14,"동족 인식, 테이밍 가능, 약점: 불","수중 던전 1층, 수중 던전 2층, 수중 던전 3층","미늘 갑옷, 초록 물약, 강화 초록 물약, 마법서 (인챈트 덱스터리티), 마법서 (헤이스트), 아데나, (축) 순간이동 주문서"
45195,아스테,-,대형,20,180,10,-10,5,521,-28,"독 공격, 약점: 바람",에바의 왕국,"초록 물약, 용기의 물약, 강화 초록 물약, 마법서 (콘 오브 콜드), 아데나, (축) 순간이동 주문서"
45174,유령,유령,소형,20,120,10,-45,5,401,-10,"동족 인식, 언데드, 테이밍 가능, 약점: 불",,"은도끼, 무명 로브, 등잔, 흑단 막대, 주홍 물약, 초록 물약, 용기의 물약, 지혜의 물약, 강화 초록 물약, 농축 고급 체력 회복제, 마법서 (카운터 매직), 마법서 (콘 오브 콜드), 마법서 (마나 드레인), 마법서 (아이스 랜스), 정령의 수정 (레지스트 엘리멘트), 정령의 수정 (네이쳐스 터치), 아데나, (축) 순간이동 주문서"
45213,가스트,가스트,소형,21,200,30,-10,10,442,-23,"독 공격, 동족 인식, 테이밍 가능, 약점: 불","본토, 요정의 숲 던전 3층, 기란 던전 3층, 기란 던전 4층","전투 도끼, 대형 도끼, 파란 물약, 비취 물약, 에메랄드, 고급 에메랄드, 마법서 (서먼 몬스터), 아데나"
45215,장로,장로,소형,21,250,60,-5,30,442,200,"동족 인식, 테이밍 가능","본토, 말하는 섬, 말하는 섬 던전 1층, 글루디오 던전 6층","보호 망토, 소나무 막대, 단풍나무 막대, 파란 물약, 지혜의 물약, 순간이동 주문서, 저주 풀기 주문서, 확인 주문서, 마법서 (콜 라이트닝), 마법서 (그레이터 힐), 아데나, 마력의 돌"
45216,좀비 엘모어 병사,엘모어,소형,21,150,0,-15,0,442,-20,"언데드, 약점: 불",본토,"악운의 단검, 창, 넓은 창, 가죽 갑옷, 비늘 갑옷, 징박힌 가죽 갑옷, 장갑, 빨간 물약, 주홍 물약, 갑옷 마법 주문서, 아데나"
45221,데스,데스,소형,22,140,40,-50,5,485,-28,"동족 인식, 언데드, 테이밍 가능, 약점: 불",,"미늘창, 대형 도끼, 미늘 갑옷, 파란 물약, 갑옷 마법 주문서, 무기 마법 주문서, 부활 주문서, 마법서 (디지즈), 마법서 (이뮨 투 함), 아데나, (축) 순간이동 주문서"
45222,라미아,라미아,대형,22,200,30,-6,10,557,-25,"독 공격, 동족 인식, 약점: 바람","본토, 수중 던전 1층, 수중 던전 2층, 수중 던전 3층","무기 마법 주문서, 마법서 (웨폰 브레이크), 아데나, 빛나는 비늘, (축) 순간이동 주문서"
45223,버그베어,버그베어,대형,22,250,30,-6,10,485,-25,"동족 인식, 테이밍 가능, 약점: 물","본토, 글루디오 던전 2층, 글루디오 던전 3층, 글루디오 던전 4층, 글루디오 던전 5층, 글루디오 던전 6층, 사막 던전 2층, 사막 던전 3층, 사막 던전 4층","전투 도끼, 대형 도끼, 미늘 갑옷, 갑옷 마법 주문서, 무기 마법 주문서, 마법서 (파이어볼), 마법서 (웨폰 브레이크), 마법서 (선 버스트), 정령의 수정 (리턴 투 네이처), 아데나, 비밀방 열쇠, (축) 순간이동 주문서"
45224,좀비 엘모어 마법사,엘모어,소형,22,130,100,-10,50,485,-20,"언데드, 테이밍 가능, 약점: 불",본토,"파란 물약, 무기 마법 주문서, 빈 주문서 (레벨 1), 빈 주문서 (레벨 2), 빈 주문서 (레벨 3), 마법서 (콘 오브 콜드), 정령의 수정 (레지스트 매직), 아데나, 마력의 돌, 정령옥, (축) 순간이동 주문서"
45237,다이어 울프,다이어울프,대형,24,120,60,-20,25,577,-27,테이밍 가능,,"맑은 물약, 용기의 물약, 파란 물약, 지혜의 물약, 강화 초록 물약, 마법서 (인챈트 마이티), 마법서 (홀리 워크), 아데나, (축) 순간이동 주문서"
45228,시댄서,-,소형,24,180,120,-10,30,750,-10,,에바의 왕국,"파란 물약, 사파이어, 고급 사파이어, 최고급 사파이어, 마법서 (슬로우), 마법서 (콘 오브 콜드), 마법서 (아이스 랜스), 정령의 수정 (네이쳐스 터치), 정령의 수정 (네이쳐스 블레싱), 아데나"
45241,켈베로스,켈베로스,소형,24,120,60,-20,25,577,-27,"동족 인식, 언데드, 약점: 물","글루디오 던전 4층, 글루디오 던전 5층, 글루디오 던전 6층, 글루디오 던전 7층, 사막 던전 4층, 기란 던전 4층","마력의 지팡이, 용기의 물약, 루비, 고급 루비, 최고급 루비, 마법서 (파이어볼), 마법서 (웨폰 브레이크), 아데나, 마력의 돌, 정령옥, (축) 순간이동 주문서"
45240,터틀 드래곤,-,대형,24,280,10,-4,5,577,-22,"무기 손상, 약점: 바람","본토, 에바의 왕국","용기의 물약, 마법서 (콘 오브 콜드), 마법서 (캔슬레이션), 아데나, 터틀 드래곤의 껍질, (축) 순간이동 주문서"
45248,좀비 엘모어 장군,엘모어,소형,25,180,0,-18,10,626,-25,"언데드, 테이밍 가능, 약점: 불",본토,"악운의 단검, 양손검, 대검, 비늘 갑옷, 청동 판금 갑옷, 장갑, 초록 물약, 용기의 물약, 강화 초록 물약, 갑옷 마법 주문서, 무기 마법 주문서, 기술서 (쇼크 스턴), 기술서 (리덕션 아머), 아데나"
45206,파이어 에그,파이어에그,소형,25,120,10,-14,35,626,-40,"동족 인식, 약점: 물",본토,"파란 물약, 귀환 주문서, 변신 주문서, 저주 풀기 주문서, 마법서 (파이어볼), 마법서 (리무브 커스), 마법서 (선 버스트), 마법서 (파이어월), 정령의 수정 (파이어 웨폰), 정령의 수정 (브레스 오브 파이어), 정령의 수정 (엘리멘탈 파이어), 아데나, (축) 갑옷 마법 주문서, (축) 무기 마법 주문서"
45257,드래곤 플라이,잠자리,소형,26,200,10,-20,70,677,-30,"동족 인식, 약점: 땅",본토,"초록 물약, 강화 초록 물약, 순간이동 주문서, 마법서 (뱀파이어릭 터치), 마법서 (헤이스트), 정령의 수정 (에어리어 오브 사일런스), 정령의 수정 (윈드 셰클), 아데나, 마력의 돌, (축) 갑옷 마법 주문서, (축) 무기 마법 주문서"
45259,스콜피온,전갈,대형,26,200,30,-15,5,677,-18,"독 공격, 동족 인식, 테이밍 가능, 약점: 물",본토,"마법의 투구: 신속, 초록 물약, 용기의 물약, 강화 초록 물약, 마법서 (어스 재일), 마법서 (콜 라이트닝), 마법서 (캔슬레이션), 마법서 (어스 퀘이크), 아데나, (축) 순간이동 주문서"
45207,아이스 맨,아이스맨,대형,26,200,20,-20,15,677,-25,"동족 인식, 테이밍 가능, 약점: 바람",본토,"빨간 물약, 주홍 물약, 맑은 물약, 초록 물약, 파란 물약, 지혜의 물약, 강화 초록 물약, 빈 주문서 (레벨 1), 정령의 수정 (워터 라이프), 아데나, 정령옥, (축) 빨간 물약, (축) 주홍 물약, (축) 맑은 물약"
45263,폭탄 꽃,폭탄꽃,소형,26,230,100,-10,25,677,-25,"동족 인식, 약점: 물",본토,"빨간 물약, 주홍 물약, 맑은 물약, 마법서 (헤이스트), 마법서 (선 버스트), 마법서 (포그 오브 슬리핑), 아데나, 마력의 돌, (축) 순간이동 주문서"
45264,하피,하피,소형,26,230,150,-18,25,677,-27,"동족 인식, 테이밍 가능, 마비 공격, 약점: 땅",본토,"파란 물약, 마법서 (헤이스트), 마법서 (홀리 워크), 마법서 (그레이터 헤이스트), 정령의 수정 (아이 오브 스톰), 아데나, 마력의 돌, 정령옥, (축) 띠 갑옷, (축) 무기 마법 주문서, (축) 순간이동 주문서"
45265,다크 엘프,다크엘프,소형,27,350,110,-24,30,730,-35,"동족 인식, 약점: 불","본토, 기란 던전 4층","요정족 활, 요정족 망토, 요정족 흉갑, 파란 물약, 엘븐 와퍼, 마법서 (메디테이션), 마법서 (토네이도), 마법서 (인비지블리티), 정령의 수정 (리턴 투 네이처), 아데나, 정령옥, 미스릴 화살"
45267,샤벨 타이거,호랑이,대형,27,270,0,-18,0,730,-25,"테이밍 가능, 약점: 바람",본토,"맑은 물약, 초록 물약, 강화 초록 물약, 고기, 아데나"
45269,해골근위병,스켈레톤,소형,27,270,60,-15,25,730,-30,"동족 인식, 언데드, 테이밍 가능, 약점: 불","본토, 용의 계곡 던전 1층, 용의 계곡 던전 2층, 용의 계곡 던전 3층, 용의 계곡 던전 4층","초록 물약, 강화 초록 물약, 마법서 (인챈트 덱스터리티), 마법서 (테이밍 몬스터), 아데나, 마력의 돌, (축) 넓은 창, (축) 투구, (축) 마법 망토, (축) 큰 방패"
45270,해골저격병,스켈레톤,소형,27,250,60,-15,25,730,-30,"동족 인식, 언데드, 테이밍 가능, 약점: 불","본토, 용의 계곡 던전 1층, 용의 계곡 던전 2층, 용의 계곡 던전 3층, 용의 계곡 던전 4층","민첩의 목걸이, 초록 물약, 강화 초록 물약, 마법서 (인챈트 덱스터리티), 마법서 (테이밍 몬스터), 아데나, 마력의 돌, (축) 활, (축) 투구, (축) 마법 망토, (축) 큰 방패"
45273,딥플라워,폭탄꽃,대형,28,500,300,-15,30,785,-20,,,"주홍 물약, 맑은 물약, 용기의 물약, 지혜의 물약"
3013,산적 (몽둥이),산적,소형,28,200,10,-40,55,785,-35,"동족 인식, 약점: 불",본토,"몽둥이, 모닝스타, 투구, 징박힌 가죽 갑옷, 빨간 물약, 주홍 물약, 맑은 물약, 초록 물약, 강화 초록 물약, 아데나"
45278,오우거,오우거,대형,28,500,20,-18,20,785,-34,테이밍 가능,본토,"전투 도끼, 광전사의 도끼, 대형 도끼, 마법의 투구: 힘, 미늘 갑옷, 오우거의 벨트, 용기의 물약, 갑옷 마법 주문서, 무기 마법 주문서, 아데나, 오우거의 피"
45279,일렉카둠,아귀,대형,28,350,300,-15,15,"1,020",-40,"동족 인식, 약점: 바람",에바의 왕국,"낡은 신체의 벨트, 흑단 막대, 용기의 물약, 파란 물약, 다이아몬드, 고급 다이아몬드, 최고급 다이아몬드, 갑옷 마법 주문서, 마법서 (콜 라이트닝), 마법서 (콘 오브 콜드), 마법서 (서먼 몬스터), 마법서 (라이트닝 스톰), 정령의 수정 (네이쳐스 터치), 아데나, (축) 순간이동 주문서"
45280,트롤,트롤,대형,28,270,30,-15,20,785,-20,"테이밍 가능, 약점: 불","용의 계곡 던전 1층, 용의 계곡 던전 2층, 용의 계곡 던전 3층, 용의 계곡 던전 4층","전투 도끼, 광전사의 도끼, 대형 도끼, 마법의 투구: 치유, 미늘 갑옷, 트롤의 벨트, 용기의 물약, 마법서 (그레이터 힐), 마법서 (힐 올), (저주) 미늘 갑옷"
45284,불타는 전사,불타는전사,소형,29,280,20,-11,20,842,-25,"동족 인식, 약점: 물",본토,"장검, 투구, 띠 갑옷, 큰 방패, 빨간 물약, 주홍 물약, 맑은 물약, 초록 물약, 용기의 물약, 강화 초록 물약, 마법서 (선 버스트), 마법서 (파이어 스톰), 정령의 수정 (파이어 웨폰), 정령의 수정 (브레스 오브 파이어), 아데나"
45285,크러스트시안,소라게,대형,29,450,30,-27,0,"1,094",-40,"동족 인식, 무기 손상, 약점: 바람",에바의 왕국,"낡은 정신의 벨트, 용기의 물약, 다이아몬드, 고급 다이아몬드, 최고급 다이아몬드, 갑옷 마법 주문서, 무기 마법 주문서, 마법서 (위크니스), 아데나"
45286,해골돌격병,스켈레톤,소형,29,280,60,-15,25,842,-30,"동족 인식, 언데드, 테이밍 가능, 약점: 불","본토, 용의 계곡 던전 1층, 용의 계곡 던전 2층, 용의 계곡 던전 3층, 용의 계곡 던전 4층","초록 물약, 강화 초록 물약, 마법서 (인챈트 덱스터리티), 마법서 (헤이스트), 아데나, 마력의 돌, (축) 전투 도끼, (축) 투구, (축) 마법 망토, (축) 큰 방패"
45306,땅의 정령,-,소형,30,400,0,-15,35,31,10,,,
45289,무리안,무리안,소형,30,350,50,-12,35,901,-40,"동족 인식, 테이밍 가능, 약점: 불","용의 계곡 던전 2층, 용의 계곡 던전 3층, 용의 계곡 던전 4층, 용의 계곡 던전 5층","보호 망토, 파란 물약, 갑옷 마법 주문서, 귀환 주문서, 무기 마법 주문서, 변신 주문서, 저주 풀기 주문서, 마법서 (슬로우), 마법서 (그레이터 힐), 마법서 (리무브 커스), (축) 갑옷 마법 주문서, (축) 무기 마법 주문서"
45304,물의 정령,-,소형,30,400,0,-13,35,31,10,,,
45305,바람의 정령,-,소형,30,400,0,-13,35,31,10,,,
45303,불의 정령,-,소형,30,400,0,-11,35,31,10,,,
45291,불타는 궁수,불타는궁수,소형,30,230,20,-5,20,901,-25,"동족 인식, 약점: 물",본토,"사냥꾼 활, 고리 갑옷, 부츠, 빨간 물약, 주홍 물약, 맑은 물약, 마법서 (인챈트 덱스터리티), 마법서 (슬로우), 마법서 (선 버스트), 정령의 수정 (트리플 애로우), 정령의 수정 (파이어 웨폰), 정령의 수정 (브레스 오브 파이어), 아데나, (축) 투구"
3016,산적 (활),산적,소형,30,200,10,-50,25,901,-48,동족 인식,본토,"사냥꾼 활, 작은 활, 가죽투구, 투구, 징박힌 가죽 갑옷, 활 골무, 빨간 물약, 주홍 물약, 맑은 물약, 초록 물약, 강화 초록 물약, 아데나"
45294,에티,예티,대형,30,400,10,-18,0,901,-26,"동족 인식, 테이밍 가능, 약점: 바람",본토,"루선해머, 설인 장갑, 빨간 물약, 용기의 물약, 강화 초록 물약, 정령의 수정 (워터 라이프), 아데나"
45166,잭-O-랜턴,-,소형,30,350,5,-5,10,901,0,,본토,
45296,젤라틴 큐브,젤라틴,대형,30,350,30,-33,0,901,-25,"독 공격, 동족 인식, 테이밍 가능",,"아데나, 미스릴 판금, 오리하루콘 판금"
45298,킹 버그베어,버그베어,대형,30,400,30,-13,20,901,-32,"동족 인식, 테이밍 가능, 약점: 물","글루디오 던전 6층, 글루디오 던전 7층, 사막 던전 4층","몽둥이, 전투 도끼, 광전사의 도끼, 대형 도끼, 마법의 투구: 힘, 미늘 갑옷, 용기의 물약, 파란 물약, 고급 루비, 갑옷 마법 주문서, 무기 마법 주문서, 기술서 (쇼크 스턴), 마법서 (파이어볼), 마법서 (웨폰 브레이크), 마법서 (리무브 커스), 마법서 (디지즈), 아데나, (축) 순간이동 주문서"
45321,그리폰,그리폰,대형,31,380,150,-20,10,962,-30,"동족 인식, 약점: 땅",본토,"강화 초록 물약, 고급 다이아몬드, 고급 루비, 고급 사파이어, 고급 에메랄드, 마법서 (카운터 매직), 마법서 (토네이도), 정령의 수정 (리턴 투 네이처), 정령의 수정 (윈드 워크), 정령의 수정 (아이 오브 스톰), 마력의 돌, (축) 띠 갑옷, (축) 초록 물약, (축) 순간이동 주문서"
45322,리빙 아머,리빙아머,소형,31,300,50,-25,40,962,-35,"무기 손상, 동족 인식, 언데드, 약점: 불, 테이밍 가능",,"청동 판금 갑옷, 빨간 물약, 주홍 물약, 맑은 물약, 초록 물약, 파란 물약, 강화 초록 물약, 고급 다이아몬드, 고급 루비, 고급 사파이어, 고급 에메랄드, 마법서 (위크니스), 마법서 (풀 힐), 마법서 (이뮨 투 함), 정령의 수정 (클리어 마인드), 정령의 수정 (블러드 투 소울), 정령의 수정 (엘리멘탈 폴다운), 아데나, (축) 띠 갑옷"
3015,산적 (검),산적,소형,31,200,10,-40,55,962,-48,동족 인식,본토,"그라디우스, 다마스커스 검, 투구, 사슬 갑옷, 빨간 물약, 주홍 물약, 맑은 물약, 초록 물약, 강화 초록 물약, 아데나"
45203,사라만다,사라만다,소형,32,350,180,-23,10,"1,025",-30,"동족 인식, 약점: 물",본토,"초록 물약, 강화 초록 물약, 고급 다이아몬드, 고급 루비, 고급 사파이어, 고급 에메랄드, 마법서 (선 버스트), 마법서 (토네이도), 마법서 (파이어 스톰), 정령의 수정 (이레이즈 매직), 정령의 수정 (파이어 웨폰), 정령의 수정 (버닝 웨폰), 정령의 수정 (엘리멘탈 파이어), 정령의 수정 (아이 오브 스톰), 아데나, (축) 순간이동 주문서"
3014,산적 (도끼),산적,소형,32,200,10,-40,60,"1,025",-45,"동족 인식, 약점: 불",본토,"전투 도끼, 광전사의 도끼, 대형 도끼, 투구, 비늘 갑옷, 빨간 물약, 주홍 물약, 맑은 물약, 초록 물약, 강화 초록 물약, 아데나"
45295,자이언트,자이언트,대형,32,380,10,-22,25,"1,025",-10,"동족 인식, 테이밍 가능, 약점: 불",본토,"아탐, 몽둥이, 전투 도끼, 광전사의 도끼, 낡은 신체의 벨트, 낡은 영혼의 벨트, 낡은 정신의 벨트, 신체의 벨트, 영혼의 벨트, 정신의 벨트, 정령의 수정 (엑조틱 바이탈라이즈), 아데나"
45338,크로코다일,악어,대형,32,400,20,-23,10,"1,025",-15,"테이밍 가능, 무기 손상, 약점: 바람",본토,"용기의 물약, 에메랄드, 갑옷 마법 주문서, 마법서 (콜 라이트닝), 아데나"
45346,가스트 로드,가스트,소형,33,300,50,-13,20,"1,090",-30,"독 공격, 동족 인식, 테이밍 가능, 약점: 불",본토,"전투 도끼, 광전사의 도끼, 대형 도끼, 마법의 투구: 치유, 파란 물약, 고급 에메랄드, 최고급 에메랄드, 갑옷 마법 주문서, 무기 마법 주문서, 마법서 (디지즈), 아데나, (축) 순간이동 주문서"
81069,도펠갱어,도펠갱어,소형,33,350,30,-6,20,"1,100",-28,동족 인식,본토,"파란 물약, 변신 주문서, 아데나"
45349,비홀더,비홀더,대형,33,450,500,-10,50,"1,417",-30,"동족 인식, 테이밍 가능, 마비 공격, 약점: 땅","본토, 수중 던전 2층, 수중 던전 3층","지혜의 물약, 사파이어, 고급 사파이어, 최고급 사파이어, 마법서 (커스: 패럴라이즈), 마법서 (캔슬레이션), 마법서 (위크니스), 마법서 (디지즈), 정령의 수정 (리턴 투 네이처), 정령의 수정 (트리플 애로우), 아데나, (저주) 무기 마법 주문서"
45359,아시타지오,아시타지오,대형,34,500,30,-18,30,"1,157",-30,"동족 인식, 약점: 물",본토,"흑단 막대, 초록 물약, 용기의 물약, 지혜의 물약, 강화 초록 물약, 갑옷 마법 주문서, 무기 마법 주문서, 마법서 (파이어볼), 마법서 (인챈트 덱스터리티), 마법서 (인챈트 마이티), 마법서 (헤이스트), 마법서 (이럽션), 마법서 (선 버스트), 정령의 수정 (엘리멘탈 폴다운), 정령의 수정 (파이어 웨폰), 정령의 수정 (브레스 오브 파이어), 정령의 수정 (엘리멘탈 파이어), 아데나, 아시타지오의 재, (축) 순간이동 주문서"
45361,코카트리스,코카트리스,대형,34,500,250,-20,30,"1,157",-36,"동족 인식, 마비 공격, 약점: 땅",본토,"흑단 막대, 초록 물약, 용기의 물약, 지혜의 물약, 강화 초록 물약, 갑옷 마법 주문서, 무기 마법 주문서, 마법서 (슬로우), 마법서 (어스 재일), 마법서 (커스: 패럴라이즈), 마법서 (그레이터 힐), 마법서 (리무브 커스), 마법서 (헤이스트), 마법서 (이럽션), 마법서 (그레이터 헤이스트), 마법서 (어스 퀘이크), 정령의 수정 (인탱글), 아데나, (축) 순간이동 주문서"
45375,가고일,-,대형,35,550,0,-30,0,"1,226",-30,,,
45365,라바 골렘,골렘,대형,35,600,10,-15,50,"1,226",-40,"동족 인식, 약점: 물",본토,"양손검, 대형 도끼, 용기의 물약, 마법서 (슬로우), 마법서 (인챈트 마이티), 마법서 (이럽션), 마법서 (선 버스트), 마법서 (파이어 스톰), 정령의 수정 (트리플 애로우), 정령의 수정 (어스 바인드), 정령의 수정 (파이어 웨폰), 정령의 수정 (브레스 오브 파이어), 정령의 수정 (버닝 웨폰), 아데나, (축) 루선해머"
45370,산적 두목,산적,소형,35,500,50,-25,50,"1,226",-45,동족 인식,본토,"은장검, 일본도, 마법 방어 투구, 보호 망토, 띠 갑옷, 빨간 물약, 주홍 물약, 맑은 물약, 초록 물약, 강화 초록 물약, 고급 다이아몬드, 고급 루비, 고급 사파이어, 고급 에메랄드, 최고급 다이아몬드, 최고급 루비, 최고급 사파이어, 최고급 에메랄드, 아데나, (축) 순간이동 주문서"
45372,아이언 골렘,골렘,대형,35,650,10,-18,50,"1,226",-42,"동족 인식, 약점: 불, 무기 손상",본토,"용기의 물약, 파란 물약, 갑옷 마법 주문서, 무기 마법 주문서, 저주 풀기 주문서, 마법서 (인챈트 마이티), 마법서 (위크니스), 정령의 수정 (블러드 투 소울), 정령의 수정 (어스 스킨), 정령의 수정 (아이언 스킨), 아데나, 정령옥, 철괴, 미스릴 원석, 강철 원석"
45373,에틴,에틴,대형,35,500,70,-22,50,"1,226",-40,"동족 인식, 테이밍 가능, 약점: 불","용의 계곡 던전 3층, 용의 계곡 던전 4층, 용의 계곡 던전 5층, 용의 계곡 던전 6층","용기의 물약, 마법서 (어스 재일), 마법서 (인챈트 마이티), 마법서 (헤이스트), 마법서 (이럽션), 마법서 (그레이터 헤이스트), 마법서 (어스 퀘이크), (축) 루선해머"
45380,메두사,-,소형,36,420,120,-16,50,"1,297",-39,마비 공격,,"미늘 갑옷, 메두사 방패, 반사 방패, 매력의 목걸이, 흑단 막대, 지혜의 물약, 갑옷 마법 주문서, 무기 마법 주문서, 부활 주문서, 순간이동 주문서, 저주 풀기 주문서, 마법서 (캔슬레이션), 마법서 (위크니스), 마법서 (디지즈), 마법서 (이뮨 투 함), 마법서 (그레이트 리절렉션), (축) 갑옷 마법 주문서, (축) 무기 마법 주문서, (저주) 갑옷 마법 주문서, (저주) 무기 마법 주문서"
45381,바실리스크,바실리스크,대형,36,800,300,-20,30,"1,297",-38,"테이밍 가능, 마비 공격, 약점: 바람",본토,"용기의 물약, 다이아몬드, 고급 다이아몬드, 최고급 다이아몬드, 갑옷 마법 주문서, 무기 마법 주문서, 마법서 (슬로우), 마법서 (어스 재일), 마법서 (그레이터 힐), 마법서 (리무브 커스), 마법서 (캔슬레이션), 마법서 (이럽션), 마법서 (어스 퀘이크), 정령의 수정 (리턴 투 네이처)"
45385,나이트메어,나이트메어,대형,37,416,0,-39,19,"1,233",-35,"동족 인식, 언데드",,"낡은 가죽주머니, 낡은 비단주머니"
45386,댄싱 소드,-,소형,37,380,0,-43,40,"1,370",-39,,,"언월도, 고리 갑옷, 지혜의 물약, 빈 주문서 (레벨 4), 정령의 수정 (윈드 샷), 정령의 수정 (아이 오브 스톰)"
45393,서큐버스,서큐버스,소형,37,400,250,-25,50,"1,370",-40,"언데드, 약점: 불","용의 계곡 던전 4층, 용의 계곡 던전 5층, 용의 계곡 던전 6층","변신 조종 반지, 파란 물약, 지혜의 물약, 마법서 (콘 오브 콜드), 마법서 (아이스 랜스), 마법서 (서먼 몬스터), 마법서 (블리자드), 정령의 수정 (리턴 투 네이처), 정령의 수정 (트리플 애로우), 정령의 수정 (네이쳐스 터치)"
45407,키메라,키메라,소형,39,550,40,-25,35,"1,522",-40,"독 공격, 테이밍 가능",,"흑단 막대, 빨간 물약, 주홍 물약, 맑은 물약, 초록 물약, 용기의 물약, 지혜의 물약, 비취 물약, 강화 초록 물약, 농축 체력 회복제, 농축 고급 체력 회복제, 농축 강력 체력 회복제, 빈 주문서 (레벨 1), 빈 주문서 (레벨 2), 빈 주문서 (레벨 3), 저주 풀기 주문서, 확인 주문서, 키메라의 가죽 (용), 키메라의 가죽 (산양), 키메라의 가죽 (사자), 키메라의 가죽 (뱀)"
45341,혼 켈베로스,켈베로스,소형,39,600,80,-28,35,"1,522",-50,"언데드, 약점: 물",본토,"초록 물약, 용기의 물약, 지혜의 물약, 강화 초록 물약, 갑옷 마법 주문서, 무기 마법 주문서, 부활 주문서, 마법서 (선 버스트), 마법서 (버서커스), 마법서 (파이어 스톰), 마법서 (매스 슬로우), 정령의 수정 (이레이즈 매직), 정령의 수정 (파이어 웨폰), 정령의 수정 (브레스 오브 파이어), 정령의 수정 (버닝 웨폰), 정령의 수정 (엘리멘탈 파이어), 아데나, 마력의 돌, (축) 갑옷 마법 주문서, (축) 무기 마법 주문서, (저주) 갑옷 마법 주문서, (저주) 무기 마법 주문서"
45420,사이클롭스,사이클롭스,대형,40,800,50,-23,30,"1,601",-37,약점: 땅,본토,"마법의 투구: 힘, 용기의 물약, 갑옷 마법 주문서, 무기 마법 주문서, 마법서 (어스 재일), 마법서 (인챈트 마이티), 마법서 (위크니스), 마법서 (서먼 몬스터), 마법서 (어스 퀘이크), 마법서 (사일런스), 정령의 수정 (인탱글), 정령의 수정 (블레스 오브 어스), (저주) 띠 갑옷"
45451,서큐버스 퀸,서큐버스,소형,41,500,400,-32,80,"1,682",-50,"언데드, 약점: 불","용의 계곡 던전 5층, 용의 계곡 던전 6층","순간이동 조종 반지, 파란 물약, 지혜의 물약, 마법서 (콘 오브 콜드), 마법서 (마나 드레인), 마법서 (아이스 랜스), 마법서 (서먼 몬스터), 마법서 (매스 텔레포트), 정령의 수정 (네이쳐스 터치)"
45456,네크로맨서,네크로맨서,소형,42,800,250,-32,80,"1,765",-50,"동족 인식, 무기 손상",글루디오 던전 6층,"보호 망토, 부츠, 완력의 목걸이, 소나무 막대, 단풍나무 막대, 파란 물약, 다이아몬드, 고급 다이아몬드, 최고급 다이아몬드, 저주 풀기 주문서, 마법서 (인챈트 덱스터리티), 마법서 (헤이스트), 마법서 (위크니스), 마법서 (그레이터 헤이스트), 정령의 수정 (아이 오브 스톰), (축) 갑옷 마법 주문서, (축) 무기 마법 주문서, (축) 순간이동 주문서"
45464,세마,현자,소형,42,800,250,-32,80,"1,765",-50,"동족 인식, 무기 손상","글루디오 던전 3층, 글루디오 던전 4층","세마의 모자, 보호 망토, 부츠, 완력의 목걸이, 소나무 막대, 단풍나무 막대, 파란 물약, 다이아몬드, 고급 다이아몬드, 최고급 다이아몬드, 저주 풀기 주문서, 마법서 (인챈트 덱스터리티), 마법서 (헤이스트), 마법서 (위크니스), 마법서 (그레이터 헤이스트), 정령의 수정 (아이 오브 스톰), 마력의 돌, (축) 갑옷 마법 주문서, (축) 무기 마법 주문서, (축) 순간이동 주문서"
45473,발터자르,현자,소형,43,800,250,-32,80,"1,850",-50,"동족 인식, 무기 손상","글루디오 던전 3층, 글루디오 던전 4층","발터자르의 모자, 보호 망토, 부츠, 지식의 목걸이, 변신 조종 반지, 소나무 막대, 단풍나무 막대, 파란 물약, 에메랄드, 고급 에메랄드, 최고급 에메랄드, 저주 풀기 주문서, 마법서 (캔슬레이션), 마법서 (어스 퀘이크), 정령의 수정 (인탱글), 정령의 수정 (블레스 오브 어스), 마력의 돌, (축) 갑옷 마법 주문서, (축) 무기 마법 주문서, (축) 순간이동 주문서"
45481,레서 데몬,데몬,소형,44,420,100,-38,80,"1,937",-60,언데드,,"악운의 단검, 데몬의 갑옷, 완력의 목걸이, 지식의 목걸이, 화령의 반지, 초록 물약, 파란 물약, 강화 초록 물약, 갑옷 마법 주문서, 무기 마법 주문서, 부활 주문서, 빈 주문서 (레벨 4), 빈 주문서 (레벨 5), 마법서 (파이어월), 정령의 수정 (이레이즈 매직), (축) 부활 주문서"
45488,카스파,현자,소형,44,450,250,-32,80,"1,937",-50,"동족 인식, 무기 손상","글루디오 던전 3층, 글루디오 던전 4층","카스파의 모자, 보호 망토, 부츠, 완력의 목걸이, 변신 조종 반지, 소나무 막대, 단풍나무 막대, 파란 물약, 루비, 고급 루비, 최고급 루비, 저주 풀기 주문서, 마법서 (파이어볼), 마법서 (선 버스트), 정령의 수정 (어스 바인드), 정령의 수정 (브레스 오브 파이어), 마력의 돌, (축) 갑옷 마법 주문서, (축) 무기 마법 주문서, (축) 순간이동 주문서"
45496,레서 드래곤,-,대형,45,800,120,-45,60,"2,026",-45,무기 손상,,"다이아몬드, 루비, 사파이어, 에메랄드, 고급 다이아몬드, 고급 루비, 고급 사파이어, 고급 에메랄드, 최고급 다이아몬드, 최고급 루비, 최고급 사파이어, 최고급 에메랄드, 갑옷 마법 주문서, 부활 주문서, 빈 주문서 (레벨 4), 빈 주문서 (레벨 5), 마법서 (파이어월), 마력의 돌, (축) 변신 주문서"
45497,메르키오르,현자,소형,45,450,250,-32,80,"2,026",-50,"동족 인식, 무기 손상","글루디오 던전 3층, 글루디오 던전 4층","메르키오르의 모자, 보호 망토, 부츠, 완력의 목걸이, 순간이동 조종 반지, 소나무 막대, 단풍나무 막대, 파란 물약, 사파이어, 고급 사파이어, 최고급 사파이어, 저주 풀기 주문서, 정령의 수정 (블러드 투 소울), 정령의 수정 (네이쳐스 터치), 마력의 돌, (축) 갑옷 마법 주문서, (축) 무기 마법 주문서, (축) 순간이동 주문서"
45499,뱀파이어,뱀파이어,소형,45,"1,205","1,402",-53,68,"1,823",-100,"동족 인식, 언데드, 약점: 불",,"낡은 가죽주머니, 낡은 비단주머니"
45513,제니스 퀸,-,대형,45,"1,200",250,-50,70,"2,026",-70,독 공격,,"악운의 단검, 일본도, 양손검, 싸울아비 장검, 투명 망토, 마법 방어 사슬 갑옷, 수정 갑옷, 판금 갑옷, 파워 글로브, 제니스의 반지, 낡은 정신의 벨트, 정신의 벨트, 소나무 막대, 흑단 막대, 단풍나무 막대, 초록 물약, 용기의 물약, 지혜의 물약, 강화 초록 물약, 불투명 물약, 갑옷 마법 주문서, 무기 마법 주문서, 부활 주문서, 빈 주문서 (레벨 4), 빈 주문서 (레벨 5), 마법서 (슬로우), 마법서 (다크니스), 마법서 (위크니스), 마법서 (매스 슬로우), 봉인된 오만의 탑 11층 이동 부적, 아데나, (축) 판금 갑옷, (축) 갑옷 마법 주문서, (축) 무기 마법 주문서, (저주) 양손검"
45514,화염의 고스트,유령,소형,45,500,25,-45,45,"2,026",-30,언데드,,"초록 물약, 용기의 물약, 강화 초록 물약, 농축 고급 체력 회복제, (축) 갑옷 마법 주문서, (축) 순간이동 주문서"
45515,이프리트,-,대형,46,"1,100",300,-28,40,"2,117",-55,"언데드, 약점: 물",,"파란 물약, 빈 주문서 (레벨 4), 빈 주문서 (레벨 5), 마법서 (파이어볼), 마법서 (인챈트 덱스터리티), 마법서 (인챈트 마이티), 마법서 (캔슬레이션), 마법서 (선 버스트), 마법서 (파이어 스톰), 정령의 수정 (에어리어 오브 사일런스), 정령의 수정 (파이어 웨폰), 정령의 수정 (브레스 오브 파이어), 정령의 수정 (버닝 웨폰)"
45522,본 드래곤,-,대형,47,720,140,-48,90,"2,210",-50,"언데드, 무기 손상",,"소환 조종 반지, 다이아몬드, 루비, 사파이어, 에메랄드, 고급 다이아몬드, 고급 루비, 고급 사파이어, 고급 에메랄드, 최고급 다이아몬드, 최고급 루비, 최고급 사파이어, 최고급 에메랄드, 부활 주문서, 빈 주문서 (레벨 4), 빈 주문서 (레벨 5), 마법서 (그레이트 리절렉션), 정령의 수정 (엘리멘탈 폴다운), 마력의 돌, (축) 갑옷 마법 주문서, (축) 무기 마법 주문서, (축) 변신 주문서"
45529,드레이크,드레이크,대형,48,"1,200",550,-48,70,"2,305",-43,"무기 손상, 약점: 땅",본토,"초록 물약, 용기의 물약, 파란 물약, 지혜의 물약, 강화 초록 물약, 다이아몬드, 루비, 사파이어, 에메랄드, 고급 다이아몬드, 고급 루비, 고급 사파이어, 고급 에메랄드, 최고급 다이아몬드, 최고급 루비, 최고급 사파이어, 최고급 에메랄드, 부활 주문서, 마법서 (홀리 워크), 마법서 (어스 퀘이크), 정령의 수정 (트리플 애로우), 정령의 수정 (이레이즈 매직), 정령의 수정 (아이 오브 스톰), 마력의 돌, (축) 갑옷 마법 주문서, (축) 무기 마법 주문서, (축) 변신 주문서, (저주) 갑옷 마법 주문서, (저주) 무기 마법 주문서"
81103,도펠겡어 보스,도펠갱어,소형,50,"1,000",100,-30,80,"2,501",-60,무기 손상,본토,"마법사의 지팡이, 힘의 지팡이, 마법 망토, 청동 판금 갑옷, 단풍나무 막대, 초록 물약, 용기의 물약, 파란 물약, 지혜의 물약, 강화 초록 물약, 갑옷 마법 주문서, 무기 마법 주문서, 변신 주문서, 부활 주문서, 기술서 (쇼크 스턴), 기술서 (리덕션 아머), 기술서 (바운스 어택), 마법서 (파이어볼), 마법서 (인챈트 마이티), 마법서 (헤이스트), 마법서 (서먼 몬스터), 정령의 수정 (이레이즈 매직), 아데나, (축) 양손검, (축) 갑옷 마법 주문서, (축) 무기 마법 주문서"
45573,바포메트,-,소형,50,"3,000",350,-65,80,"2,602",-100,"언데드, 약점: 불, 무기 손상",말하는 섬 던전 2층,"일본도, 양손검, 투명 망토, 판금 갑옷, 장갑, 매력의 목걸이, 순간이동 조종 반지, 낡은 신체의 벨트, 낡은 영혼의 벨트, 신체의 벨트, 영혼의 벨트, 초록 물약, 용기의 물약, 지혜의 물약, 강화 초록 물약, 다이아몬드, 에메랄드, 고급 다이아몬드, 고급 사파이어, 고급 에메랄드, 최고급 다이아몬드, 최고급 사파이어, 최고급 에메랄드, 갑옷 마법 주문서, 무기 마법 주문서, 부활 주문서, 금빛 열쇠, 마법서 (카운터 매직), 마법서 (어스 재일), 마법서 (테이밍 몬스터), 마법서 (이럽션), 마법서 (위크니스), 마법서 (블레스 웨폰), 마법서 (서먼 몬스터), 마법서 (어스 퀘이크), 정령의 수정 (브레스 오브 파이어), 아데나, 마력의 돌, 정령옥, (축) 일본도, (축) 갑옷 마법 주문서, (축) 무기 마법 주문서, (저주) 양손검, (저주) 판금 갑옷"
45547,시어,-,대형,50,"1,500",300,-53,75,"2,501",-60,무기 손상,,"악운의 단검, 일본도, 양손검, 싸울아비 장검, 투명 망토, 마법 방어 사슬 갑옷, 수정 갑옷, 판금 갑옷, 파워 글로브, 지식의 목걸이, 낡은 정신의 벨트, 정신의 벨트, 소나무 막대, 흑단 막대, 단풍나무 막대, 초록 물약, 용기의 물약, 파란 물약, 지혜의 물약, 강화 초록 물약, 불투명 물약, 사파이어, 갑옷 마법 주문서, 무기 마법 주문서, 부활 주문서, 빈 주문서 (레벨 4), 빈 주문서 (레벨 5), 마법서 (뱀파이어릭 터치), 마법서 (마나 드레인), 마법서 (다크니스), 마법서 (위크니스), 마법서 (디지즈), 봉인된 오만의 탑 21층 이동 부적, 아데나, (축) 판금 갑옷, (축) 갑옷 마법 주문서, (축) 무기 마법 주문서, (저주) 양손검"
45545,흑장로,장로,소형,50,"1,500","1,000",-45,90,"2,501",-50,"동족 인식, 무기 손상",본토,"마법 망토, 흑장로의 로브, 흑장로의 샌달, 정신의 벨트, 파란 물약, 저주 풀기 주문서, 마법서 (콜 라이트닝), 마법서 (테이밍 몬스터), 마법서 (콘 오브 콜드), 마법서 (인챈트 마이티), 정령의 수정 (블러드 투 소울), 정령의 수정 (네이쳐스 터치), 마력의 돌, 정령옥, (축) 장갑, (축) 단풍나무 막대, (축) 순간이동 주문서, (축) 저주 풀기 주문서, (저주) 갑옷 마법 주문서, (저주) 무기 마법 주문서"
45600,커츠,흑기사,소형,51,"2,000",250,-67,65,"3,026",-120,"동족 인식, 무기 손상","본토, 말하는 섬","장검, 일본도, 양손검, 커츠의 투구, 보호 망토, 티셔츠, 청동 판금 갑옷, 커츠의 갑옷, 장갑, 커츠의 장갑, 부츠, 커츠의 부츠, 반사 방패, 큰 방패, 용기의 물약, 파란 물약, 최고급 다이아몬드, 최고급 루비, 갑옷 마법 주문서, 무기 마법 주문서, 부활 주문서, 순간이동 주문서, 기술서 (쇼크 스턴), 기술서 (리덕션 아머), 마법서 (서먼 몬스터), 마법서 (버서커스), 마법서 (파이어 스톰), 아데나, (축) 청동 판금 갑옷"
45601,데스나이트,-,소형,52,"4,000",250,-67,65,"3,026",-120,"언데드, 약점: 불, 무기 손상","글루디오 던전 5층, 글루디오 던전 6층, 글루디오 던전 7층","일본도, 양손검, 데스나이트의 투구, 투명 망토, 데스나이트의 갑옷, 판금 갑옷, 데스나이트의 장갑, 장갑, 데스나이트의 부츠, 완력의 목걸이, 변신 조종 반지, 낡은 영혼의 벨트, 낡은 정신의 벨트, 영혼의 벨트, 정신의 벨트, 초록 물약, 용기의 물약, 지혜의 물약, 강화 초록 물약, 다이아몬드, 고급 다이아몬드, 최고급 다이아몬드, 갑옷 마법 주문서, 무기 마법 주문서, 부활 주문서, 마법서 (크리에이트 좀비), 마법서 (선 버스트), 마법서 (토네이도), 마법서 (디지즈), 마법서 (리절렉션), 아데나, 마력의 돌, (축) 일본도, (축) 양손검, (축) 판금 갑옷, (축) 갑옷 마법 주문서, (축) 무기 마법 주문서, (저주) 악운의 단검, (저주) 양손검"
45584,그레이트 미노타우르스,-,대형,53,"5,000",200,-65,60,"2,810",-110,"약점: 불, 무기 손상",,"일본도, 대검, 판금 갑옷, 장갑, 낡은 완력의 목걸이, 완력의 목걸이, 낡은 신체의 벨트, 신체의 벨트, 빨간 물약, 초록 물약, 용기의 물약, 파란 물약, 지혜의 물약, 강화 초록 물약, 루비, 고급 루비, 최고급 루비, 갑옷 마법 주문서, 무기 마법 주문서, 부활 주문서, 빈 주문서 (레벨 4), 빈 주문서 (레벨 5), 마법서 (블레스 웨폰), 마법서 (버서커스), 마법서 (풀 힐), 정령의 수정 (버닝 웨폰), 정령의 수정 (스톰 샷), 아데나, (축) 판금 갑옷, (축) 갑옷 마법 주문서, (축) 무기 마법 주문서"
45583,베레스,-,소형,53,"2,100",350,-66,80,"2,810",-100,"언데드, 약점: 불, 무기 손상",,"일본도, 양손검, 판금 갑옷, 장갑, 베레스의 부츠, 낡은 지혜의 목걸이, 지혜의 목걸이, 순간이동 조종 반지, 풍령의 반지, 낡은 신체의 벨트, 낡은 영혼의 벨트, 낡은 정신의 벨트, 신체의 벨트, 영혼의 벨트, 정신의 벨트, 초록 물약, 용기의 물약, 파란 물약, 지혜의 물약, 강화 초록 물약, 다이아몬드, 루비, 고급 다이아몬드, 고급 루비, 최고급 다이아몬드, 최고급 루비, 갑옷 마법 주문서, 부활 주문서, 빈 주문서 (레벨 4), 빈 주문서 (레벨 5), 마법서 (카운터 매직), 마법서 (그레이터 힐), 마법서 (크리에이트 좀비), 마법서 (선 버스트), 마법서 (디지즈), 마법서 (풀 힐), 마법서 (파이어 스톰), 정령의 수정 (엘리멘탈 폴다운), 정령의 수정 (윈드 워크), 정령의 수정 (아이 오브 스톰), 정령의 수정 (스톰 샷), 아데나, (축) 장갑, (축) 갑옷 마법 주문서, (축) 무기 마법 주문서, (저주) 양손검"
45610,에이션트 자이언트,자이언트,대형,56,"5,000",350,-63,70,"3,137",-80,"동족 인식, 약점: 불, 무기 손상",본토,"일본도, 대검, 판금 갑옷, 장갑, 낡은 지혜의 목걸이, 지혜의 목걸이, 낡은 영혼의 벨트, 에이션트 자이언트의 반지, 영혼의 벨트, 타이탄의 벨트, 초록 물약, 용기의 물약, 파란 물약, 지혜의 물약, 강화 초록 물약, 농축 체력 회복제, 다이아몬드, 고급 다이아몬드, 최고급 다이아몬드, 갑옷 마법 주문서, 무기 마법 주문서, 부활 주문서, 빈 주문서 (레벨 4), 빈 주문서 (레벨 5), 기술서 (리덕션 아머), 기술서 (바운스 어택), 마법서 (카운터 매직), 마법서 (메디테이션), 마법서 (마나 드레인), 마법서 (그레이터 헤이스트), 마법서 (사일런스), 정령의 수정 (어스 스킨), 정령의 수정 (인탱글), 정령의 수정 (블레스 오브 어스), 정령의 수정 (아이언 스킨), 정령의 수정 (엘리멘탈 파이어), 아데나, (축) 판금 갑옷, (축) 갑옷 마법 주문서, (축) 무기 마법 주문서"
45614,거대 여왕 개미,개미,대형,57,"8,000",100,-65,60,"3,250",-120,"약점: 불, 무기 손상",여왕개미 던전,"일본도, 마법의 투구: 힘, 마법 방어 사슬 갑옷, 판금 갑옷, 체력의 목걸이, 낡은 신체의 벨트, 신체의 벨트, 초록 물약, 용기의 물약, 파란 물약, 지혜의 물약, 강화 초록 물약, 루비, 에메랄드, 고급 루비, 고급 에메랄드, 최고급 루비, 최고급 에메랄드, 갑옷 마법 주문서, 무기 마법 주문서, 마법서 (어스 재일), 마법서 (그레이터 힐), 마법서 (테이밍 몬스터), 마법서 (다크니스), 마법서 (이럽션), 마법서 (힐 올), 마법서 (그레이터 헤이스트), 정령의 수정 (이레이즈 매직), 아데나, 마력의 돌, 정령옥, (축) 일본도, (축) 판금 갑옷, (축) 갑옷 마법 주문서, (축) 무기 마법 주문서"
45613,발록,데몬,대형,57,"3,100",500,-66,75,"3,250",-180,언데드,,
45617,피닉스,-,대형,59,"6,000",200,-63,99,"3,482",-130,"무기 손상, 약점: 물",본토,"일본도, 투명 망토, 마법 방어 사슬 갑옷, 판금 갑옷, 민첩의 목걸이, 변신 조종 반지, 화령의 반지, 낡은 신체의 벨트, 낡은 영혼의 벨트, 낡은 정신의 벨트, 신체의 벨트, 영혼의 벨트, 정신의 벨트, 초록 물약, 용기의 물약, 파란 물약, 지혜의 물약, 강화 초록 물약, 고급 다이아몬드, 고급 루비, 고급 사파이어, 고급 에메랄드, 최고급 다이아몬드, 최고급 루비, 최고급 사파이어, 최고급 에메랄드, 갑옷 마법 주문서, 무기 마법 주문서, 부활 주문서, 빈 주문서 (레벨 4), 빈 주문서 (레벨 5), 마법서 (선 버스트), 마법서 (파이어월), 마법서 (리절렉션), 마법서 (파이어 스톰), 마법서 (미티어 스트라이크), 정령의 수정 (엘리멘탈 폴다운), 정령의 수정 (브레스 오브 파이어), 정령의 수정 (버닝 웨폰), 정령의 수정 (엘리멘탈 파이어), 아데나, (축) 판금 갑옷, (축) 갑옷 마법 주문서, (축) 무기 마법 주문서"
45609,얼음 여왕,-,소형,60,"15,000","1,000",-65,60,"3,137",-200,"무기 손상, 약점: 바람",,"투명 망토, 마법 방어 사슬 갑옷, 얼음 여왕의 매력적인 드레스, 데몬의 부츠, 얼음 여왕의 매력적인 샌달, 지식의 목걸이, 지혜의 목걸이, 수령의 반지, 순간이동 조종 반지, 낡은 영혼의 벨트, 낡은 정신의 벨트, 영혼의 벨트, 정신의 벨트, 초록 물약, 파란 물약, 지혜의 물약, 강화 초록 물약, 다이아몬드, 고급 다이아몬드, 갑옷 마법 주문서, 무기 마법 주문서, 부활 주문서, 빈 주문서 (레벨 4), 빈 주문서 (레벨 5), 마법서 (다크니스), 마법서 (서먼 몬스터), 마법서 (인비지블리티), 마법서 (사일런스), 마법서 (매스 텔레포트), 마법서 (파이어 스톰), 마법서 (디케이 포션), 마법서 (프리징 블리자드), 정령의 수정 (아이언 스킨), 정령의 수정 (워터 라이프), 정령의 수정 (네이쳐스 터치), 정령의 수정 (네이쳐스 블레싱), 정령의 수정 (윈드 샷), 정령의 수정 (윈드 워크), 아데나, (축) 판금 갑옷, (축) 갑옷 마법 주문서, (축) 무기 마법 주문서, (축) 순간이동 주문서"
45649,데몬,-,대형,61,"6,000",250,-68,75,"3,722",-150,"언데드, 약점: 불, 무기 손상",,"악운의 단검, 일본도, 양손검, 싸울아비 장검, 데몬의 투구, 투명 망토, 데몬의 갑옷, 사슬 갑옷, 수정 갑옷, 판금 갑옷, 파워 글로브, 완력의 목걸이, 지식의 목걸이, 화령의 반지, 낡은 영혼의 벨트, 낡은 정신의 벨트, 영혼의 벨트, 정신의 벨트, 소나무 막대, 단풍나무 막대, 초록 물약, 용기의 물약, 파란 물약, 지혜의 물약, 불투명 물약, 고급 다이아몬드, 최고급 다이아몬드, 최고급 루비, 갑옷 마법 주문서, 무기 마법 주문서, 빈 주문서 (레벨 5), 기술서 (쇼크 스턴), 마법서 (버서커스), 마법서 (파이어 스톰), 마법서 (미티어 스트라이크), 아데나, (축) 판금 갑옷, (축) 갑옷 마법 주문서, (축) 무기 마법 주문서, (축) 부활 주문서"
45672,리치,-,대형,66,"6,000","1,250",-75,99,"4,357",-250,"언데드, 무기 손상",,"일본도, 양손검, 싸울아비 장검, 은색의 망토, 투명 망토, 리치 로브, 마법 방어 사슬 갑옷, 수정 갑옷, 청동 판금 갑옷, 판금 갑옷, 파워 글로브, 지식의 목걸이, 변신 조종 반지, 소환 조종 반지, 수령의 반지, 지령의 반지, 풍령의 반지, 화령의 반지, 낡은 정신의 벨트, 정신의 벨트, 소나무 막대, 흑단 막대, 단풍나무 막대, 초록 물약, 용기의 물약, 파란 물약, 지혜의 물약, 강화 초록 물약, 불투명 물약, 갑옷 마법 주문서, 무기 마법 주문서, 부활 주문서, 빈 주문서 (레벨 4), 빈 주문서 (레벨 5), 마법서 (다크니스), 마법서 (위크니스), 마법서 (디지즈), 마법서 (리절렉션), 마법서 (사일런스), 마법서 (카운터 디텍션), 마법서 (그레이트 리절렉션), 정령의 수정 (카운터 미러), 봉인된 오만의 탑 91층 이동 부적, 마력의 돌, (축) 판금 갑옷, (축) 갑옷 마법 주문서, (축) 무기 마법 주문서, (축) 부활 주문서"
45673,그림리퍼,-,대형,68,"8,000","1,200",-80,80,"4,625",-250,"언데드, 무기 손상",,
45678,케레니스,흑기사,소형,72,"8,000",600,-72,90,"5,185",-10,동족 인식,,"마법사 모자, 케레니스의 서클릿, 마법 망토, 은색의 망토, 마법사 옷, 케레니스의 로브, 반왕의 건틀릿, 케레니스의 장갑, 지식의 목걸이, 지혜의 목걸이, 수령의 반지, 지령의 반지, 풍령의 반지, 화령의 반지, 정신의 벨트, 마법서 (어드밴스 스피릿), 정령의 수정 (네이쳐스 블레싱), 아데나, (축) 은색의 망토"
45680,켄 라우헬,흑기사,소형,75,"14,000",150,-78,50,"5,626",-5,"동족 인식, 무기 손상",본토,"싸울아비 장검, 마법의 투구: 신속, 마법의 투구: 치유, 마법의 투구: 힘, 반왕의 투구, 투명 망토, 티셔츠, 반왕의 갑옷, 수정 갑옷, 장갑, 반왕의 부츠, 부츠, 케레니스의 부츠, 사각 방패, 완력의 목걸이, 체력의 목걸이, 신체의 벨트, 기술서 (바운스 어택), 마법서 (포그 오브 슬리핑), 아데나"
45681,린드비오르,-,대형,87,"20,000",900,-79,99,"7,570",10000,"무기 손상, 약점: 땅",본토,"변신 조종 반지, 순간이동 조종 반지, 다이아몬드, 에메랄드, 고급 다이아몬드, 고급 에메랄드, 최고급 다이아몬드, 최고급 에메랄드, 마법서 (웨폰 브레이크), 마법서 (슬로우), 마법서 (테이밍 몬스터), 마법서 (인챈트 마이티), 마법서 (이럽션), 마법서 (힐 올), 마법서 (서먼 몬스터), 마법서 (리절렉션), 마법서 (매스 텔레포트), 정령의 수정 (윈드 샷), 정령의 수정 (아이 오브 스톰), 정령의 수정 (스톰 샷), 아데나, 풍룡 비늘, (축) 흑왕궁, (축) 투명 망토, (축) 수정 갑옷, (축) 판금 갑옷, (축) 장갑, (축) 초록 물약, (축) 용기의 물약, (축) 지혜의 물약, (축) 강화 초록 물약, (축) 갑옷 마법 주문서, (축) 무기 마법 주문서"
45682,안타라스,-,대형,93,"22,200",800,-99,99,"8,101",10000,"독 공격, 약점: 불, 무기 손상",안타라스의 둥지,"일본도, 투명 망토, 수정 갑옷, 지룡 비늘 갑옷, 판금 갑옷, 장갑, 지혜의 목걸이, 체력의 목걸이, 변신 조종 반지, 순간이동 조종 반지, 낡은 신체의 벨트, 낡은 영혼의 벨트, 낡은 정신의 벨트, 신체의 벨트, 영혼의 벨트, 정신의 벨트, 소나무 막대, 단풍나무 막대, 초록 물약, 용기의 물약, 파란 물약, 지혜의 물약, 강화 초록 물약, 다이아몬드, 에메랄드, 고급 다이아몬드, 고급 에메랄드, 최고급 다이아몬드, 최고급 에메랄드, 갑옷 마법 주문서, 무기 마법 주문서, 마법서 (웨폰 브레이크), 마법서 (슬로우), 마법서 (테이밍 몬스터), 마법서 (인챈트 마이티), 마법서 (이럽션), 마법서 (힐 올), 마법서 (서먼 몬스터), 마법서 (리절렉션), 마법서 (매스 텔레포트), 아데나, 마력의 돌, 정령옥, (축) 일본도, (축) 갑옷 마법 주문서, (축) 무기 마법 주문서, (저주) 갑옷 마법 주문서, (저주) 무기 마법 주문서"
45683,파푸리온,-,대형,93,"21,000","5,000",-99,99,"8,650",10000,"무기 손상, 마비 공격, 약점: 바람",파푸리온의 둥지,"일본도, 투명 망토, 수룡 비늘 갑옷, 장갑, 매력의 목걸이, 민첩의 목걸이, 변신 조종 반지, 순간이동 조종 반지, 낡은 신체의 벨트, 낡은 영혼의 벨트, 낡은 정신의 벨트, 신체의 벨트, 영혼의 벨트, 정신의 벨트, 소나무 막대, 단풍나무 막대, 초록 물약, 용기의 물약, 파란 물약, 지혜의 물약, 강화 초록 물약, 다이아몬드, 사파이어, 고급 다이아몬드, 고급 사파이어, 최고급 다이아몬드, 최고급 사파이어, 갑옷 마법 주문서, 무기 마법 주문서, 마법서 (슬로우), 마법서 (리무브 커스), 마법서 (힐 올), 마법서 (서먼 몬스터), 마법서 (블리자드), 마법서 (리절렉션), 정령의 수정 (레지스트 엘리멘트), 아데나, 마력의 돌, 수룡 비늘, (축) 일본도, (축) 판금 갑옷, (축) 갑옷 마법 주문서, (축) 무기 마법 주문서, (저주) 갑옷 마법 주문서, (저주) 무기 마법 주문서"
45684,발라카스,-,대형,95,"26,000","4,500",-99,99,"9,026",10000,"무기 손상, 약점: 물",,"변신 조종 반지, 순간이동 조종 반지, 다이아몬드, 루비, 고급 다이아몬드, 고급 루비, 최고급 다이아몬드, 최고급 루비, 마법서 (파이어볼), 마법서 (인챈트 덱스터리티), 마법서 (슬로우), 마법서 (테이밍 몬스터), 마법서 (헤이스트), 마법서 (선 버스트), 마법서 (힐 올), 마법서 (서먼 몬스터), 마법서 (그레이터 헤이스트), 마법서 (인비지블리티), 마법서 (리절렉션), 마법서 (파이어 스톰), 마법서 (미티어 스트라이크), 마법서 (디스인티그레이트), 정령의 수정 (파이어 웨폰), 정령의 수정 (브레스 오브 파이어), 정령의 수정 (버닝 웨폰), 아데나, 화룡 비늘, (축) 투명 망토, (축) 수정 갑옷, (축) 판금 갑옷, (축) 장갑, (축) 소나무 막대, (축) 단풍나무 막대, (축) 초록 물약, (축) 용기의 물약, (축) 지혜의 물약, (축) 강화 초록 물약, (축) 갑옷 마법 주문서, (축) 무기 마법 주문서"
